{"cameraMode":{"drawMode":0,"name":"Shaded","section":"Shading Mode"},"sceneLighting":true,"audioPlay":false,"sceneViewState":{"showFog":true,"showMaterialUpdate":false,"showSkybox":true,"showFlares":true,"showImageEffects":true,"showParticleSystems":true},"in2DMode":false,"pivot":{"x":-2.425139904022217,"y":0.2983025312423706,"z":-16.721193313598634},"rotation":{"x":-0.007835320197045803,"y":0.992159366607666,"z":-0.0865364521741867,"w":-0.08983231335878372},"size":43.262718200683597,"orthographic":false}